"Country ISO3","Country Name","Indicator Id","Indicator","Subindicator Type",2007,2008,2009,2010,2011,2012,2013,2014,2015,2016,2017,"2017-2018",2018,2019
"AGO","Angola",41280,"Quality of electricity supply, 1-7 (best)","1-7 Best",,,,,1.532095,1.418499128,,1.65625,1.714501159,,,,,
"ALB","Albania",41280,"Quality of electricity supply, 1-7 (best)","1-7 Best",1.556910707,1.65302253,1.804717674,2.711990562,3.996428292,4.984440292,4.830509266,4.45281385,4.672173446,4.724386045,4.607355595,,,
"ARE","United Arab Emirates",41280,"Quality of electricity supply, 1-7 (best)","1-7 Best",6.493706175,6.487704171,6.409734123,6.438372638,6.508669811,6.410394898,6.394011672,6.457188,6.602285114,6.602285114,6.519955158,,,
"ARG","Argentina",41280,"Quality of electricity supply, 1-7 (best)","1-7 Best",4.168149581,3.658104588,3.253991976,3.482147801,3.830354877,3.757777421,3.48083473,3.057726628,2.626326876,2.560346298,3.007206678,,,
"ARM","Armenia",41280,"Quality of electricity supply, 1-7 (best)","1-7 Best",3.873600245,3.869222111,3.974284621,4.222706877,4.4476899,4.765748724,4.902742396,5.207750826,5.077726814,4.768737635,4.78017807,,,
"AUS","Australia",41280,"Quality of electricity supply, 1-7 (best)","1-7 Best",6.084702727,6.04857191,6.136592023,6.03317108,5.9539966,6.033763938,6.257448086,6.203043576,6.213254632,6.303126942,5.685798645,,,
"AUT","Austria",41280,"Quality of electricity supply, 1-7 (best)","1-7 Best",6.559477347,6.595081869,6.679076685,6.747620122,6.729987628,6.759540219,6.722673176,6.693031297,6.647792985,6.579803916,6.576155186,,,
"AZE","Azerbaijan",41280,"Quality of electricity supply, 1-7 (best)","1-7 Best",3.640714286,3.661298077,3.910719373,4.18585755,4.106383215,4.4620678,4.65146058,4.847829928,4.8970212,4.8970212,5.491449356,,,
"BDI","Burundi",41280,"Quality of electricity supply, 1-7 (best)","1-7 Best",1.771084337,2.056478263,2.504589469,2.678071066,2.535994717,2.368645617,1.884920622,1.843222754,2.083958197,2.083958197,2.402282715,,,
"BEL","Belgium",41280,"Quality of electricity supply, 1-7 (best)","1-7 Best",6.58779681,6.634204021,6.652090526,6.604623258,6.679760542,6.695491206,6.565743544,6.400383728,6.400783851,6.173684053,6.479475021,,,
"BEN","Benin",41280,"Quality of electricity supply, 1-7 (best)","1-7 Best",2.601111544,2.411125887,2.362387363,2.907458989,3.260054945,2.722602114,2.537206654,2.193824467,,1.72307694,2.061007738,,,
"BFA","Burkina Faso",41280,"Quality of electricity supply, 1-7 (best)","1-7 Best",3.0625,3.073116511,3.187404081,3.036243702,2.18877905,1.898991097,2.271807511,1.980540892,1.694834645,,,,,
"BGD","Bangladesh",41280,"Quality of electricity supply, 1-7 (best)","1-7 Best",1.942396055,1.669793233,1.892044086,1.821576513,1.55000425,1.562871954,1.791561048,2.184244298,2.545617361,2.692224868,3.651048183,,,
"BGR","Bulgaria",41280,"Quality of electricity supply, 1-7 (best)","1-7 Best",4.12161868,3.869356029,3.66411042,3.559146517,3.745384766,3.683502237,3.889484327,3.988793472,4.229598301,4.341924062,4.769080162,,,
"BHR","Bahrain",41280,"Quality of electricity supply, 1-7 (best)","1-7 Best",5.388228745,5.413173147,5.502647981,4.71534898,5.065349416,6.098101723,6.323171372,6.250838595,6.168239524,6.184135663,6.155039787,,,
"BIH","Bosnia and Herzegovina",41280,"Quality of electricity supply, 1-7 (best)","1-7 Best",4.17764544,4.42721111,4.996597536,5.352492438,5.420545548,5.426403,6.02653495,6.517552,,4.269230843,4.820159435,,,
"BLZ","Belize",41280,"Quality of electricity supply, 1-7 (best)","1-7 Best",,,,,,4.085434,,,,,,,,
"BOL","Bolivia",41280,"Quality of electricity supply, 1-7 (best)","1-7 Best",4.112451162,3.964461015,3.569767777,3.762202393,4.402560697,4.019626472,3.756404862,3.75725217,3.86774916,4.41741972,,,,
"BRA","Brazil",41280,"Quality of electricity supply, 1-7 (best)","1-7 Best",4.861715966,4.855920118,5.020612947,5.194631216,5.057254137,4.851653386,4.942342847,4.830160649,4.111616215,3.780159011,4.493568897,,,
"BRB","Barbados",41280,"Quality of electricity supply, 1-7 (best)","1-7 Best",6.140350877,6.053332544,6.136257285,6.050649403,6.104119773,6.298471742,6.289210302,6.286099161,6.286621053,,,,,
"BRN","Brunei Darussalam",41280,"Quality of electricity supply, 1-7 (best)","1-7 Best",,,5.435218,5.334281263,5.218154348,5.369762806,5.479147148,5.209444072,,,5.414878845,,,
"BTN","Bhutan",41280,"Quality of electricity supply, 1-7 (best)","1-7 Best",,,,,,,,5.9448,5.854446982,5.755658828,5.847624302,,,
"BWA","Botswana",41280,"Quality of electricity supply, 1-7 (best)","1-7 Best",4.943249272,5.096975441,4.533347918,4.25115856,4.054756621,3.535719264,3.592146874,3.108619838,2.405395285,2.719571166,3.737078428,,,
"CAN","Canada",41280,"Quality of electricity supply, 1-7 (best)","1-7 Best",6.403726964,6.438650753,6.557245283,6.559416066,6.621795832,6.625549059,6.557204281,6.482880734,6.515013264,6.528944207,6.581215382,,,
"CHE","Switzerland",41280,"Quality of electricity supply, 1-7 (best)","1-7 Best",6.728774099,6.712012511,6.801480048,6.783171835,6.758105132,6.807533826,6.762683497,6.75379586,6.782699669,6.835489462,6.864514351,,,
"CHL","Chile",41280,"Quality of electricity supply, 1-7 (best)","1-7 Best",5.586763172,5.55637749,5.326808906,5.71820463,6.048609835,5.754773992,5.359349843,5.153177075,5.359823319,5.533827004,6.107229233,,,
"CHN","China",41280,"Quality of electricity supply, 1-7 (best)","1-7 Best",3.826164123,4.221511275,4.72021145,4.988379737,5.288892886,5.458677265,5.199808921,5.1418215,5.223925382,5.344351605,4.978913307,,,
"CIV","Cote d'Ivoire",41280,"Quality of electricity supply, 1-7 (best)","1-7 Best",,,4.867289,4.901883876,3.509286243,3.267529008,3.763673684,3.559854727,3.855222351,3.86654145,,,,
"CMR","Cameroon",41280,"Quality of electricity supply, 1-7 (best)","1-7 Best",2.418543336,3.002295379,2.939618306,2.801615664,2.750659304,2.644654348,2.84513139,2.553636236,2.434351507,2.445702586,2.216767073,,,
"COD","Congo, Dem. Rep.",41280,"Quality of electricity supply, 1-7 (best)","1-7 Best",,,,,,,,,,,2.061291218,,,
"COL","Colombia",41280,"Quality of electricity supply, 1-7 (best)","1-7 Best",4.847394397,4.709543227,5.068011726,5.065742411,5.15717623,5.236404283,5.062722858,5.179201527,5.103309981,4.960869575,4.768822193,,,
"CPV","Cabo Verde",41280,"Quality of electricity supply, 1-7 (best)","1-7 Best",,,,,1.75029,1.870395874,1.80699029,1.865497355,2.701063892,3.171392614,3.463176727,,,
"CRI","Costa Rica",41280,"Quality of electricity supply, 1-7 (best)","1-7 Best",5.308891312,5.472886628,5.526437244,5.565568168,5.68601005,5.554472723,5.514337591,5.615661472,5.575138622,5.600398473,5.863841057,,,
"CYP","Cyprus",41280,"Quality of electricity supply, 1-7 (best)","1-7 Best",6.115650309,6.031772558,6.126316745,6.105410386,6.043507832,6.069882618,5.424834633,5.245660711,5.5449734,5.434574922,5.655474186,,,
"CZE","Czech Republic",41280,"Quality of electricity supply, 1-7 (best)","1-7 Best",6.195038622,6.100515358,6.197624661,6.353477437,6.359114699,6.412518145,6.517919081,6.404033547,6.353068393,6.396040359,6.497815609,,,
"DEU","Germany",41280,"Quality of electricity supply, 1-7 (best)","1-7 Best",6.873731102,6.808490664,6.747085946,6.775123489,6.769693877,6.690557973,6.408926627,6.148703665,6.141544373,6.387302404,6.175892353,,,
"DNK","Denmark",41280,"Quality of electricity supply, 1-7 (best)","1-7 Best",6.832835952,6.899166557,6.894112013,6.889890596,6.856274133,6.910605337,6.759459678,6.6844353,6.695793162,6.693139073,6.788108349,,,
"DOM","Dominican Republic",41280,"Quality of electricity supply, 1-7 (best)","1-7 Best",1.326230407,1.407614332,1.524608196,1.71337425,1.683249021,1.892729399,2.127601731,2.117288333,2.380986793,2.590942282,2.3352952,,,
"DZA","Algeria",41280,"Quality of electricity supply, 1-7 (best)","1-7 Best",4.15069269,4.506685315,4.532806753,4.394007616,4.769439435,4.593932009,4.472411858,4.186530391,3.99994823,4.021309186,4.197409153,,,
"ECU","Ecuador",41280,"Quality of electricity supply, 1-7 (best)","1-7 Best",3.171139497,3.171403172,3.163353175,3.653400844,3.416396099,3.604474953,4.053972,4.495057268,,4.577586174,4.918887615,,,
"EGY","Egypt, Arab Rep.",41280,"Quality of electricity supply, 1-7 (best)","1-7 Best",4.879231693,5.074901076,5.184198466,5.258406487,5.26994005,4.604271045,4.427661795,3.358706062,2.672517332,3.450828931,5.020618439,,,
"ESP","Spain",41280,"Quality of electricity supply, 1-7 (best)","1-7 Best",5.758864691,5.971328392,5.633673988,5.496489227,5.891565857,6.006630696,6.095869626,6.37587674,6.321290274,6.214239448,6.241751194,,,
"EST","Estonia",41280,"Quality of electricity supply, 1-7 (best)","1-7 Best",5.355397251,5.625695266,5.770890159,5.710664182,5.721558159,5.566806692,5.205020433,5.111857537,5.376744218,5.56043217,5.793593884,,,
"ETH","Ethiopia",41280,"Quality of electricity supply, 1-7 (best)","1-7 Best",3.49837872,3.993649768,3.876326412,3.184437359,2.720001768,2.839335685,3.155434313,3.099632595,2.826050953,3.1028162,3.173231602,,,
"FIN","Finland",41280,"Quality of electricity supply, 1-7 (best)","1-7 Best",6.700247915,6.703140578,6.816924325,6.85543912,6.820110038,6.769097118,6.595249526,6.686004626,6.754883384,6.6875,6.672890186,,,
"FRA","France",41280,"Quality of electricity supply, 1-7 (best)","1-7 Best",6.797364053,6.749735006,6.790201494,6.816556091,6.7170772,6.672640338,6.659775973,6.631160322,6.472904656,6.512791056,6.762019634,,,
"GAB","Gabon",41280,"Quality of electricity supply, 1-7 (best)","1-7 Best",,,,,,,2.464056,2.332656292,2.310514822,2.498058652,,,,
"GBR","United Kingdom",41280,"Quality of electricity supply, 1-7 (best)","1-7 Best",6.592830244,6.532727654,6.374288681,6.42928177,6.615322384,6.717055846,6.693160354,6.654457205,6.567560841,6.606714419,6.659059048,,,
"GEO","Georgia",41280,"Quality of electricity supply, 1-7 (best)","1-7 Best",2.31285155,3.410322521,4.413970944,4.853628244,5.146467872,5.415809581,5.473028,5.317161748,5.156204253,4.936146698,4.97347641,,,
"GHA","Ghana",41280,"Quality of electricity supply, 1-7 (best)","1-7 Best",,,3.226495,3.413249597,3.216682742,3.014922809,2.970799879,2.748375842,2.951433102,2.206134773,3.117463112,,,
"GIN","Guinea",41280,"Quality of electricity supply, 1-7 (best)","1-7 Best",,,,,,,1.45837,1.324953566,1.294335096,1.294335096,2.415384531,,,
"GMB","Gambia, The",41280,"Quality of electricity supply, 1-7 (best)","1-7 Best",2.195377868,3.458172147,4.445767049,4.64515337,4.837199055,4.398109236,4.118542296,3.827515996,3.266972916,2.985368489,3.481962681,,,
"GRC","Greece",41280,"Quality of electricity supply, 1-7 (best)","1-7 Best",5.077709855,4.944790636,4.776051424,4.793411281,4.9762194,5.112915462,5.222806133,5.26535234,5.263766211,5.187691882,5.401106834,,,
"GTM","Guatemala",41280,"Quality of electricity supply, 1-7 (best)","1-7 Best",3.953284034,4.756233252,4.828523814,4.873049226,5.065475459,5.064704394,4.989666816,5.30157369,5.431504719,5.412729716,5.726005554,,,
"GUY","Guyana",41280,"Quality of electricity supply, 1-7 (best)","1-7 Best",2.345717876,2.620245629,2.887357789,2.837142973,2.874368377,3.012333876,2.96182696,2.735626327,2.726071428,3.014034537,,,,
"HKG","Hong Kong SAR, China",41280,"Quality of electricity supply, 1-7 (best)","1-7 Best",6.560499662,6.63246559,6.666386662,6.88198125,6.905067141,6.728095052,6.7642583,6.7808812,6.758862472,6.788772351,6.847826004,,,
"HND","Honduras",41280,"Quality of electricity supply, 1-7 (best)","1-7 Best",3.476513098,3.966854152,4.126012016,4.05224555,4.198528275,4.09791861,3.565538442,3.226244708,3.641095096,3.965736592,3.499433041,,,
"HRV","Croatia",41280,"Quality of electricity supply, 1-7 (best)","1-7 Best",5.018048359,5.362295482,5.484278265,5.468096219,5.408756105,5.3225917,5.444607378,5.630372394,5.667059069,5.605778921,5.843439102,,,
"HTI","Haiti",41280,"Quality of electricity supply, 1-7 (best)","1-7 Best",,,,,,1.494929,1.55669066,1.974335922,1.917532012,1.587511519,1.431372523,,,
"HUN","Hungary",41280,"Quality of electricity supply, 1-7 (best)","1-7 Best",5.34615945,5.262756883,5.292959047,5.248001366,5.541334485,5.896766714,5.664488425,5.635500075,5.870209931,5.72797899,5.095496178,,,
"IDN","Indonesia",41280,"Quality of electricity supply, 1-7 (best)","1-7 Best",3.530481557,3.967804835,3.862741624,3.536921549,3.645712109,3.68375565,3.913726086,4.258072731,4.340152503,4.127765801,4.432790279,,,
"IND","India",41280,"Quality of electricity supply, 1-7 (best)","1-7 Best",3.201841151,3.148889039,3.150393429,3.195169921,3.143912078,3.090385654,3.243857946,3.220373416,3.433657134,3.709643066,4.678230762,,,
"IRL","Ireland",41280,"Quality of electricity supply, 1-7 (best)","1-7 Best",6.20703265,5.898831169,5.861624135,6.04040415,6.1517201,6.41102279,6.508162727,6.477032668,6.394397471,6.421438267,6.316302776,,,
"IRN","Iran, Islamic Rep.",41280,"Quality of electricity supply, 1-7 (best)","1-7 Best",,,,,4.680187,4.728930898,5.177258588,5.324920282,5.096440817,5.015709017,4.976250172,,,
"ISL","Iceland",41280,"Quality of electricity supply, 1-7 (best)","1-7 Best",6.9,6.812416711,6.769235572,6.8831216,6.887762817,6.78771927,6.781919738,6.676087121,6.637796903,6.690104043,6.66374445,,,
"ISR","Israel",41280,"Quality of electricity supply, 1-7 (best)","1-7 Best",6.24095787,6.170911746,5.934202469,5.964921409,5.946309961,5.898187262,5.458729783,5.648566765,5.946357891,6.091987684,6.350671291,,,
"ITA","Italy",41280,"Quality of electricity supply, 1-7 (best)","1-7 Best",5.366099291,5.352961947,5.344092363,5.384610844,5.490792931,5.697773375,5.750732556,5.81893884,5.928805233,5.919243518,5.909564018,,,
"JAM","Jamaica",41280,"Quality of electricity supply, 1-7 (best)","1-7 Best",4.444840611,4.374592188,4.172330709,4.10102519,4.165227261,4.337043863,4.418954395,4.371045337,4.400036821,4.500813007,4.794486046,,,
"JOR","Jordan",41280,"Quality of electricity supply, 1-7 (best)","1-7 Best",5.716148679,5.707639538,5.74825331,5.774495325,5.784009044,5.738934279,5.741808857,5.758982,5.442117753,5.267967415,5.724569321,,,
"JPN","Japan",41280,"Quality of electricity supply, 1-7 (best)","1-7 Best",6.831662629,6.768460198,6.748555451,6.743379201,6.780463825,6.465117031,5.863886918,5.999409352,6.274666642,6.375245906,6.664414883,,,
"KAZ","Kazakhstan",41280,"Quality of electricity supply, 1-7 (best)","1-7 Best",4.441803477,4.279438874,4.283653354,4.367419735,4.145278577,3.923751,4.447825413,4.755209429,4.68071357,4.626849011,4.579218864,,,
"KEN","Kenya",41280,"Quality of electricity supply, 1-7 (best)","1-7 Best",3.089301959,3.431887883,3.72491056,3.682820525,3.373844077,3.435453122,3.622014041,3.775315717,3.864763776,3.727963708,4.089361191,,,
"KGZ","Kyrgyz Republic",41280,"Quality of electricity supply, 1-7 (best)","1-7 Best",3.394809551,3.517727494,3.137637445,2.20671583,2.2878019,3.067490643,2.9045048,2.684545163,2.857395531,2.928073404,3.649217606,,,
"KHM","Cambodia",41280,"Quality of electricity supply, 1-7 (best)","1-7 Best",2.512402016,2.608668364,2.518402928,2.573100732,3.056228835,3.452577516,3.571994934,3.184545206,3.044093445,3.109178593,3.467281342,,,
"KOR","Korea, Rep.",41280,"Quality of electricity supply, 1-7 (best)","1-7 Best",6.026521975,6.202510512,6.154346206,6.208791063,6.337511664,6.35704975,6.022956867,5.672276732,5.537945485,5.744833255,6.409693718,,,
"KWT","Kuwait",41280,"Quality of electricity supply, 1-7 (best)","1-7 Best",6.310910964,5.799219029,4.653966741,4.254395056,4.651374215,4.958418448,5.028799201,5.191365811,5.032008199,5.251762458,5.512710094,,,
"LAO","Lao PDR",41280,"Quality of electricity supply, 1-7 (best)","1-7 Best",,,,,,,,5.200681,5.024946563,4.709101743,4.795292377,,,
"LBN","Lebanon",41280,"Quality of electricity supply, 1-7 (best)","1-7 Best",,,,,1.489532,1.320382636,1.176648707,1.272637566,1.365983982,1.625164449,1.652342677,,,
"LBR","Liberia",41280,"Quality of electricity supply, 1-7 (best)","1-7 Best",,,,,,,2.989497,2.551678273,,3.101265907,2.395913839,,,
"LBY","Libya",41280,"Quality of electricity supply, 1-7 (best)","1-7 Best",,4.151162791,4.640704165,4.942536634,4.278601949,,4.292816,3.923195733,2.846271226,,,,,
"LKA","Sri Lanka",41280,"Quality of electricity supply, 1-7 (best)","1-7 Best",3.76905976,4.097868933,4.553917839,4.5711471,4.550769842,5.026048903,5.323667,4.976108446,4.794956253,4.926796522,3.966671944,,,
"LSO","Lesotho",41280,"Quality of electricity supply, 1-7 (best)","1-7 Best",3.151898734,3.179007727,3.536409372,3.619681343,3.63676796,3.878891197,3.670086918,3.522582623,3.725851918,3.699306748,2.898771286,,,
"LTU","Lithuania",41280,"Quality of electricity supply, 1-7 (best)","1-7 Best",5.182286634,5.313596645,5.532624631,5.410211278,5.580737272,5.678356683,5.572303604,5.536323167,5.576711288,5.5551282,5.556311131,,,
"LUX","Luxembourg",41280,"Quality of electricity supply, 1-7 (best)","1-7 Best",6.133942541,6.037948601,6.247447986,6.31788998,6.281739391,6.400909205,6.553174063,6.622145294,6.602669302,6.560300848,6.706396103,,,
"LVA","Latvia",41280,"Quality of electricity supply, 1-7 (best)","1-7 Best",5.108671737,5.204107963,5.382505204,5.265850503,5.324049262,4.946042606,5.003357902,5.295345313,5.453370888,5.55838526,5.217686653,,,
"MAR","Morocco",41280,"Quality of electricity supply, 1-7 (best)","1-7 Best",4.917688795,5.155216476,5.239783129,5.033526707,4.901832215,4.926617,5.240368169,5.468321784,5.442781381,5.382711528,5.579729557,,,
"MDA","Moldova",41280,"Quality of electricity supply, 1-7 (best)","1-7 Best",,,,,4.066111,4.093580593,4.270843255,4.336379179,4.408007395,4.387991941,4.33020401,,,
"MDG","Madagascar",41280,"Quality of electricity supply, 1-7 (best)","1-7 Best",2.183205353,2.096190278,2.031445609,2.320179653,2.562156488,2.251522535,2.247451312,2.460457853,2.266520412,1.878388979,1.917922616,,,
"MEX","Mexico",41280,"Quality of electricity supply, 1-7 (best)","1-7 Best",3.92381581,4.077330373,4.027852675,3.913582112,3.934248806,4.30044641,4.555738154,4.695148896,4.576183849,4.70648505,4.868407249,,,
"MKD","Macedonia, FYR",41280,"Quality of electricity supply, 1-7 (best)","1-7 Best",4.284705882,4.339932601,4.435448134,4.299188078,4.616903385,5.035959946,5.00752684,4.866795494,4.946723782,4.802981477,,,,
"MLI","Mali",41280,"Quality of electricity supply, 1-7 (best)","1-7 Best",3.088274897,3.486330508,3.483177561,3.291415934,3.339499377,3.387567689,3.45320169,3.434880241,3.510617264,3.178344886,2.932907581,,,
"MLT","Malta",41280,"Quality of electricity supply, 1-7 (best)","1-7 Best",4.621048036,4.926158217,5.005969987,4.815969643,4.04035985,3.9263914,4.825040273,5.09612549,4.746776213,4.466687289,4.911948204,,,
"MMR","Myanmar",41280,"Quality of electricity supply, 1-7 (best)","1-7 Best",,,,,,,,2.939149,2.843365903,2.72499193,,,,
"MNE","Montenegro",41280,"Quality of electricity supply, 1-7 (best)","1-7 Best",,2.805555556,3.013437595,3.338483246,3.883040709,4.409915916,4.642832826,4.547555081,4.273942708,3.989270861,4.570213795,,,
"MNG","Mongolia",41280,"Quality of electricity supply, 1-7 (best)","1-7 Best",3.007751351,3.007860248,2.893139056,2.906735138,3.110049382,3.294772264,3.615744348,3.562777432,3.573076341,3.705555558,3.975337029,,,
"MOZ","Mozambique",41280,"Quality of electricity supply, 1-7 (best)","1-7 Best",3.351161616,3.338168724,3.743837305,3.661898503,3.330594049,3.330958681,3.165322366,3.232917964,3.139873987,2.857960863,2.97186923,,,
"MRT","Mauritania",41280,"Quality of electricity supply, 1-7 (best)","1-7 Best",2.964912281,3.308330634,3.197380243,3.481633181,2.989022886,2.984213321,3.699959687,3.287232559,3.27216483,3.060294528,2.09340167,,,
"MUS","Mauritius",41280,"Quality of electricity supply, 1-7 (best)","1-7 Best",5.377612863,5.340656566,5.376898418,5.058332561,5.053854756,5.099252396,4.992900391,5.143952063,5.487998525,5.534499902,5.459154606,,,
"MWI","Malawi",41280,"Quality of electricity supply, 1-7 (best)","1-7 Best",,,2.687846,2.573808121,2.04382634,1.8755778,2.227012904,2.632196092,2.941923016,2.673975032,1.850234628,,,
"MYS","Malaysia",41280,"Quality of electricity supply, 1-7 (best)","1-7 Best",5.791572843,5.863958164,5.848110241,5.670029658,5.70159976,5.895587774,5.880034267,5.761836865,5.731564523,5.779329838,5.883521557,,,
"NAM","Namibia",41280,"Quality of electricity supply, 1-7 (best)","1-7 Best",4.969474404,5.145641123,5.024500888,5.23890396,5.692035282,5.614922267,5.422956726,5.549539457,5.41346987,5.364243862,5.471197605,,,
"NGA","Nigeria",41280,"Quality of electricity supply, 1-7 (best)","1-7 Best",1.934095504,1.685534955,1.560090739,1.455884229,1.338654291,1.451096946,1.689117116,1.812504592,1.575734043,1.377894063,1.422393203,,,
"NIC","Nicaragua",41280,"Quality of electricity supply, 1-7 (best)","1-7 Best",3.03768953,2.287958202,1.856970694,2.580587117,2.9994022,3.236870631,3.695836362,3.915841127,3.922456323,3.951349274,4.413043499,,,
"NLD","Netherlands",41280,"Quality of electricity supply, 1-7 (best)","1-7 Best",6.72899827,6.732326725,6.747854999,6.75374118,6.703121807,6.719516011,6.804285947,6.707237827,6.624013953,6.647559298,6.779602528,,,
"NOR","Norway",41280,"Quality of electricity supply, 1-7 (best)","1-7 Best",6.593339136,6.646745838,6.69683425,6.690511885,6.611779756,6.475183427,6.511013959,6.62667421,6.721958765,6.661131726,6.86563158,,,
"NPL","Nepal",41280,"Quality of electricity supply, 1-7 (best)","1-7 Best",2.178082192,2.049964837,1.707999296,1.324083255,1.218865485,1.304132865,1.390357231,1.62490525,1.833753269,1.942112222,2.834329367,,,
"NZL","New Zealand",41280,"Quality of electricity supply, 1-7 (best)","1-7 Best",5.37223648,5.335619301,5.194704579,5.247014222,5.21759195,5.502521098,5.986440487,6.082440253,6.199797313,6.132067687,6.519242764,,,
"OMN","Oman",41280,"Quality of electricity supply, 1-7 (best)","1-7 Best",,5.136904762,5.712403939,6.029953435,6.238169644,6.392344355,6.336151642,6.416236,6.349450801,6.135139975,6.21298027,,,
"PAK","Pakistan",41280,"Quality of electricity supply, 1-7 (best)","1-7 Best",3.521002252,3.143543541,2.457097208,2.213751121,2.111705737,2.16941801,2.267230475,2.007581104,2.065620313,2.065668457,2.949956179,,,
"PAN","Panama",41280,"Quality of electricity supply, 1-7 (best)","1-7 Best",4.892048729,5.059234594,5.154398666,5.162599964,5.293932111,5.292619208,5.503989799,5.402754484,4.927636749,4.826588692,5.188526154,,,
"PER","Peru",41280,"Quality of electricity supply, 1-7 (best)","1-7 Best",4.825341365,4.721030962,4.708890409,4.738377106,4.832535137,4.904684759,4.811670696,4.884629891,4.853575124,4.739376395,5.071106434,,,
"PHL","Philippines",41280,"Quality of electricity supply, 1-7 (best)","1-7 Best",3.872835765,4.132302113,4.209271807,4.028334092,3.431155114,3.441338783,3.731983833,4.008673292,4.20197068,4.028607903,4.211909771,,,
"POL","Poland",41280,"Quality of electricity supply, 1-7 (best)","1-7 Best",4.675533222,4.794155187,5.184160158,5.298878674,5.227230667,5.26983532,5.47295113,5.467258859,5.480117567,5.495162008,5.522806644,,,
"PRI","Puerto Rico",41280,"Quality of electricity supply, 1-7 (best)","1-7 Best",,4.881355932,4.954926722,5.116757045,5.095963667,4.97299755,5.067256188,5.179086413,5.108125997,,,,,
"PRT","Portugal",41280,"Quality of electricity supply, 1-7 (best)","1-7 Best",5.818589744,6.001495726,6.078007423,6.114159262,6.129477798,6.156860081,6.279745554,6.399140233,6.385711577,6.102477984,6.22116518,,,
"PRY","Paraguay",41280,"Quality of electricity supply, 1-7 (best)","1-7 Best",3.387722363,3.082590239,2.845297617,2.980328395,2.878828053,2.88276986,2.986516018,2.954311548,3.222821512,3.347448821,2.611359358,,,
"QAT","Qatar",41280,"Quality of electricity supply, 1-7 (best)","1-7 Best",5.528874851,5.641573745,6.018858342,6.045280166,6.259407845,6.497633,6.600563474,6.571077115,6.453621707,6.398454959,6.452067852,,,
"ROU","Romania",41280,"Quality of electricity supply, 1-7 (best)","1-7 Best",3.96291629,3.843980846,3.993672077,4.304315843,4.478131524,4.480943711,4.179160224,4.278169896,4.560024617,4.517190753,5.158751965,,,
"RUS","Russian Federation",41280,"Quality of electricity supply, 1-7 (best)","1-7 Best",3.923775685,4.252573835,4.806298748,4.565265487,4.332766671,4.278798445,4.329588622,4.538122332,4.800619497,4.800619497,5.115175247,,,
"RWA","Rwanda",41280,"Quality of electricity supply, 1-7 (best)","1-7 Best",,,,,4.143613,4.175158534,4.198573,4.053612048,3.970184,4.032152677,4.360671997,,,
"SAU","Saudi Arabia",41280,"Quality of electricity supply, 1-7 (best)","1-7 Best",,5.458333333,5.756553074,5.829416712,6.065783822,6.308301,6.348474785,6.362793245,6.240853497,6.23480171,6.157646179,,,
"SEN","Senegal",41280,"Quality of electricity supply, 1-7 (best)","1-7 Best",,1.725,2.517343385,2.850919423,2.309817628,1.743954297,1.845551855,2.33418816,2.995273015,3.119649187,3.595326424,,,
"SGP","Singapore",41280,"Quality of electricity supply, 1-7 (best)","1-7 Best",6.583841236,6.618493779,6.664240849,6.697111814,6.717185117,6.786710453,6.731156042,6.661764318,6.679390749,6.742757592,6.853553295,,,
"SLE","Sierra Leone",41280,"Quality of electricity supply, 1-7 (best)","1-7 Best",,,,,,,2.579196,2.35131725,1.963805098,1.880065946,2.575628042,,,
"SLV","El Salvador",41280,"Quality of electricity supply, 1-7 (best)","1-7 Best",4.98283511,4.967437153,4.760639421,4.953597846,5.067156924,4.846790764,4.900987026,4.719258203,4.927644009,4.905953902,4.824230671,,,
"SRB","Serbia",41280,"Quality of electricity supply, 1-7 (best)","1-7 Best",,4.744186047,4.474471158,4.418935989,4.582766111,4.549075098,4.8173072,4.888455705,4.747637274,4.611072922,4.96603632,,,
"SUR","Suriname",41280,"Quality of electricity supply, 1-7 (best)","1-7 Best",,,,,,3.791708,3.938762834,3.782593514,3.446058724,,,,,
"SVK","Slovak Republic",41280,"Quality of electricity supply, 1-7 (best)","1-7 Best",6.090346388,5.986324786,6.001260606,6.033764905,6.075259263,6.17972765,6.281878734,6.169043046,6.15467429,6.17670096,5.994334698,,,
"SVN","Slovenia",41280,"Quality of electricity supply, 1-7 (best)","1-7 Best",5.812778579,5.775546072,5.839219011,5.950220311,5.993357964,6.04526,6.185841889,6.353603298,6.183040358,6.095911508,6.399738789,,,
"SWE","Sweden",41280,"Quality of electricity supply, 1-7 (best)","1-7 Best",6.253707751,6.551019814,6.743548775,6.760294207,6.6967488,6.686638983,6.587896198,6.517603081,6.312361078,6.49728428,6.559594154,,,
"SWZ","Swaziland",41280,"Quality of electricity supply, 1-7 (best)","1-7 Best",,,,,3.779725,3.777312763,3.934209987,4.064482187,4.07037995,3.974899244,3.74000001,,,
"SYC","Seychelles",41280,"Quality of electricity supply, 1-7 (best)","1-7 Best",,,,,,,5.29224,4.921300432,4.785869651,4.785869651,4.978723526,,,
"SYR","Syrian Arab Republic",41280,"Quality of electricity supply, 1-7 (best)","1-7 Best",,4.364583333,4.074257218,3.469610562,3.263118772,3.904424998,,,,,,,,
"TCD","Chad",41280,"Quality of electricity supply, 1-7 (best)","1-7 Best",1.308458623,1.252082372,1.339883425,1.412082586,1.450536967,1.499412692,1.527198177,1.558209313,1.6725145,1.728443695,2.248557091,,,
"THA","Thailand",41280,"Quality of electricity supply, 1-7 (best)","1-7 Best",5.396887352,5.638429952,5.479451301,5.508850246,5.6905846,5.458201739,5.4922481,5.212370184,5.121207439,5.220031869,5.181928158,,,
"TJK","Tajikistan",41280,"Quality of electricity supply, 1-7 (best)","1-7 Best",1.863830562,1.729697531,1.688907628,1.7823679,2.634564606,2.697427084,2.316525575,,2.639175177,3.152697441,3.683651924,,,
"TLS","Timor-Leste",41280,"Quality of electricity supply, 1-7 (best)","1-7 Best",1.841151094,1.694419306,1.81515336,2.026131145,1.609331433,1.813230469,2.905016908,2.863334172,3.045128932,,,,,
"TTO","Trinidad and Tobago",41280,"Quality of electricity supply, 1-7 (best)","1-7 Best",4.58613729,4.735813142,4.911274545,5.296960624,5.617414575,5.464705062,5.427960158,5.379462843,5.419633109,5.401334806,4.985456467,,,
"TUN","Tunisia",41280,"Quality of electricity supply, 1-7 (best)","1-7 Best",5.451747417,5.706238859,5.786847868,5.77499587,5.909058388,5.739136408,,5.251016713,4.999254776,4.835273298,5.097829819,,,
"TUR","Turkey",41280,"Quality of electricity supply, 1-7 (best)","1-7 Best",4.166858668,4.328617153,4.15330266,4.120990458,4.602333767,4.712798534,4.63875922,4.813917888,4.822082995,4.485390291,4.402481079,,,
"TWN","Taiwan, China",41280,"Quality of electricity supply, 1-7 (best)","1-7 Best",5.90952917,5.843736397,5.851933198,5.915449279,6.160141717,6.307434652,6.251736562,6.206276257,6.201766409,6.158194403,5.781006336,,,
"TZA","Tanzania",41280,"Quality of electricity supply, 1-7 (best)","1-7 Best",2.386080626,2.179325677,2.28646522,2.4702497,2.538179428,2.236244245,1.93132877,2.323688217,2.456692341,2.606249964,3.140009165,,,
"UGA","Uganda",41280,"Quality of electricity supply, 1-7 (best)","1-7 Best",1.664727192,1.56720695,1.888462296,2.630246495,2.83148977,2.702049844,2.182243673,2.462258046,2.882339269,3.069977624,3.429037571,,,
"UKR","Ukraine",41280,"Quality of electricity supply, 1-7 (best)","1-7 Best",3.701709322,3.905017581,4.369277232,4.477966635,4.551083875,4.3240595,4.577060078,4.724105846,4.911089171,4.622852445,4.485351563,,,
"URY","Uruguay",41280,"Quality of electricity supply, 1-7 (best)","1-7 Best",5.40967565,5.288794192,5.449071803,5.737555824,5.81554719,5.972754943,5.860621609,5.620382679,5.741998797,5.81323268,6.02886343,,,
"USA","United States",41280,"Quality of electricity supply, 1-7 (best)","1-7 Best",6.392984515,6.331692313,6.469380894,6.432001723,6.179698049,6.040786935,6.019151333,6.191640879,6.286266085,6.444423404,6.24075985,,,
"VEN","Venezuela, RB",41280,"Quality of electricity supply, 1-7 (best)","1-7 Best",4.37589559,3.849087372,3.394236537,3.234296438,2.346488773,1.93446821,1.998440679,1.780940542,1.741428661,1.926804757,2.100899696,,,
"VNM","Vietnam",41280,"Quality of electricity supply, 1-7 (best)","1-7 Best",3.495957964,3.45646299,3.220279084,3.32291993,3.638984606,3.28037428,3.14394485,3.961566356,4.189499943,4.112940987,4.338947296,,,
"YEM","Yemen, Rep.",41280,"Quality of electricity supply, 1-7 (best)","1-7 Best",,,,,,1.537728,1.403162476,1.454153372,1.450234836,,1.189312816,,,
"ZAF","South Africa",41280,"Quality of electricity supply, 1-7 (best)","1-7 Best",4.555815361,4.016092446,3.363018999,3.468128467,3.784827653,3.719002,3.904490632,3.76868067,3.578427502,2.870722874,3.92000699,,,
"ZMB","Zambia",41280,"Quality of electricity supply, 1-7 (best)","1-7 Best",5.474226804,4.372356864,2.928674273,3.047630898,3.267132204,3.482605526,3.518804165,3.103123364,3.326362248,3.346282186,2.520936728,,,
"ZWE","Zimbabwe",41280,"Quality of electricity supply, 1-7 (best)","1-7 Best",2.54672619,2.072222222,1.80091994,1.984904377,1.807131373,1.6550976,1.6938452,1.972731519,2.117556045,1.924569645,3.089855433,,,
